*,+,-,/,//,<,<=,<>,=,=<,=>,>,>=,?,@(,ABORT,ABS(,AIN,ALL,AND,AND(,APPEND,AS,ASC(,ATN(,AUTO,AUTORUN,B,BASE,BE,BF,BG,BIN$(,BLACK,BLIT,BLUE,BR,BREAK,BVIDEO,BYTE2NUM(,CASE,CHAIN,CHDIR,CHR$(,CIN,CINT(,CIRCLE,CIRCLE(,CLEAR,CLOSE,CLR$(,CLS,CMD,COLLISION,
COLLISION(,COLOR,COLOUR,COMPOSITE,CONFIG,CONSOLE,CONTINUE,COPY,COPYRIGHT,COS(,CWD$,CYAN,DATA,DATE$,DEG(,DELETE,DIM,DIN,DIR,DIR$(,DISABLED,DISTANCE(,DO,DOUT,DRIVE,DS18B20,DS18B20(,EDGE,EDIT,ELSE,ELSEIF,END,ENDIF,EOF(,ERASE,ERROR,ES,EXIT,EXP(,F,F1,F2,F3,F4,
F5,F6,F7,F8,F9,FILE,FILES,FIN,FIX(,FONT,FOR,FORMAT$(,FR,FUNCTION,G,GB,GETTIME,GOSUB,GOTO,GR,GREEN,GVIDEO,H,HEX$(,I2C,I2CDIS,I2CEN,I2CRCV,I2CSDIS,I2CSEN,I2CSEND,I2CSRCV,I2CSSEND,IF,INIT,INKEY$,INPUT,INPUT$(,INSTR(,INT(,INTB,INTH,INTL,IR,IRETURN,IT,KBUF,
KEY,KEYBOARD,KEYDOWN,KEYPAD,KHEAD,KILL,KTAIL,L,LCASE$(,LCD,LEFT$(,LEN(,LENGTH,LET,LIBRARY,LINE,LINE(,LIST,LOAD,LOADBMP,LOC(,LOCAL,LOCATE,LOF(,LOG(,LOOP,LOWER,M,MEMORY,MERGE,MID$(,MKDIR,MM.CMDLINE$,MM.DEVICE$,MM.DRIVE$,MM.ERRNO,MM.FNAME$,MM.HPOS,MM.HRES,
MM.I2C,MM.ONEWIRE,MM.VER,MM.VPOS,MM.VRES,MOD,MOD(,MODE,MOVE,NAME,NEW,NEXT,NOT,NOT(,NTSC,NUM2BYTE,OCT$(,OFF,ON,ON(,ONEWIRE,OOUT,OPEN,OPTION,OR,OR(,OUTPUT,OWCRC16(,OWCRC8(,OWREAD,OWRESET,OWSEARCH,OWWRITE,PAL,PASTE,PAUSE,PEEK,PEEK(,PI,PIN,PIN(,PIXEL,PIXEL(,
PLAYMOD,POKE,POKE(,PORT,PORT(,POS,PRESET,PRESET(,PRINT,PRINT(,PROGMEM,PROMPT,PSET,PSET(,PULSE,PULSE(,PURPLE,PWM,PWM(,QUIT,R,RAD(,RANDOM,RANDOMIZE,RANDOMIZE(,RB,READ,RECEIVE,RED,REM,RENUMBER,RENUMBER(,RESET,RESTORE,RETURN,RG,RGB,RIGHT$(,RMDIR,RND,RND(,RTC,
RUN,RUN(,RVIDEO,SAVE,SAVEBMP,SCANLINE,SCANLINE(,SEEK,SEND,SETPIN,SETPIN(,SETTICK,SETTICK(,SETTIME,SGN(,SIN(,SLAVE,SOUND,SPACE$(,SPC(,SPI,SPI(,SPIN,SPIN(,SPRITE,SQR(,SSETPIN,START,STEP,STOP,STR$(,STRING$(,SUB,SYSTEM,TAB,TAB(,TAN(,THEN,TIME$,TIMER,TITLE,TO,
TONE,TONE(,TROFF,TRON,UCASE$(,UK,UNLOAD,UNTIL,UNTIL(,UPPER,US,USB,VAL(,VAR,VARTBL,VIDEO,VOL,WATCHDOG,WEND,WHILE,WHILE(,WHITE,WRITE,XMODEM,XOR,XOR(,YELLOW,\,^,
